DeptID,DeptName,TotalAmount
26,TAS - Wealth Management,298.9967650362217
27,TAS - Audit,446.11811817647776
29,SCC - Risk Management,353.64249403254973
30,SCC - Contract Compliance Audit Serv,329.04604128171616
43,TAS - Tax ,420.49493589487554
52,SCC - Accounting Solutions,294.30088590999094
55,TAS - Affordable Housing - Audit,272.6824889724961
56,TAS - Affordable Housing - Tax,180.98551480627088
